"id";"name";"avatar"
1003494;"张国荣";"https://img1.doubanio.com/view/celebrity/s_ratio_celebrity/public/p67.webp"
1008446;"远藤绫";"https://img3.doubanio.com/view/celebrity/s_ratio_celebrity/public/p21931.webp"
1009241;"罗宾·威廉姆斯";"https://img3.doubanio.com/view/celebrity/s_ratio_celebrity/public/p103.webp"
1009265;"比利·克鲁德普";"https://img9.doubanio.com/view/celebrity/s_ratio_celebrity/public/p1413531816.25.webp"
1010555;"凯西·贝茨";"https://img3.doubanio.com/view/celebrity/s_ratio_celebrity/public/p5690.webp"
1012532;"伊万·麦克格雷格";"https://img9.doubanio.com/view/celebrity/s_ratio_celebrity/public/p3195.webp"
1014738;"释小龙";"https://img3.doubanio.com/view/celebrity/s_ratio_celebrity/public/p1438333407.13.webp"
1018984;"伊桑·霍克";"https://img3.doubanio.com/view/celebrity/s_ratio_celebrity/public/p25602.webp"
1031873;"罗伯特·肖恩·莱纳德";"https://img9.doubanio.com/view/celebrity/s_ratio_celebrity/public/p25694.webp"
1032540;"胡军";"https://img3.doubanio.com/view/celebrity/s_ratio_celebrity/public/p20960.webp"
1035641;"巩俐";"https://img3.doubanio.com/view/celebrity/s_ratio_celebrity/public/p1396795530.61.webp"
1037662;"李子雄";"https://img9.doubanio.com/view/celebrity/s_ratio_celebrity/public/p1357290860.44.webp"
1042757;"茅原实里";"https://img9.doubanio.com/view/celebrity/s_ratio_celebrity/public/p4964.webp"
1047972;"山姆·洛克威尔";"https://img9.doubanio.com/view/celebrity/s_ratio_celebrity/public/p1533802988.44.webp"
1048153;"阿尔伯特·芬尼";"https://img1.doubanio.com/view/celebrity/s_ratio_celebrity/public/p8589.webp"
1050265;"张丰毅";"https://img9.doubanio.com/view/celebrity/s_ratio_celebrity/public/p1391771959.66.webp"
1268250;"保罗·沃尔特·豪泽";"https://img3.doubanio.com/view/celebrity/s_ratio_celebrity/public/p1578055771.23.webp"
1315866;"包贝尔";"https://img1.doubanio.com/view/celebrity/s_ratio_celebrity/public/p1545816620.37.webp"
1318516;"姚星彤";"https://img3.doubanio.com/view/celebrity/s_ratio_celebrity/public/p1503477347.53.webp"
1322777;"张一鸣";"https://img3.doubanio.com/view/celebrity/s_ratio_celebrity/public/p1413261818.41.webp"
1324409;"吴文";"https://img3.doubanio.com/view/celebrity/s_ratio_celebrity/public/p1463992161.02.webp"
1329107;"石川由依";"https://img1.doubanio.com/view/celebrity/s_ratio_celebrity/public/p1370586618.47.webp"
1330710;"尹恒";"https://img3.doubanio.com/view/celebrity/s_ratio_celebrity/public/p1471484173.82.webp"
1336802;"李成敏";"https://img9.doubanio.com/view/celebrity/s_ratio_celebrity/public/p1412521526.46.webp"
1342863;"葛天";"https://img3.doubanio.com/view/celebrity/s_ratio_celebrity/public/p1432022356.52.webp"
1367925;"贾冰";"https://img9.doubanio.com/view/celebrity/s_ratio_celebrity/public/p1518620877.04.webp"
1405222;"黄心娣";"https://img3.doubanio.com/view/celebrity/s_ratio_celebrity/public/p1543112886.62.webp"
1413401;"扈天翼";"https://img3.doubanio.com/view/celebrity/s_ratio_celebrity/public/p1579166170.43.webp"
1434210;"马良博一";"https://img3.doubanio.com/view/celebrity/s_ratio_celebrity/public/p21931.webp"
